{
  "ApiKey": "eec0be42-e202-4f51-ba44-a1ec4c76275f",
  "CrashTracking": true,
  "CustomAppId": null,
  "CustomAppVersion": null,
  "CustomLocation": null,
  "CustomStartupUrl": null,
  "DispatchPeriod": "PT4S",
  "FlushThresholdEventsCounts": 7,
  "FlushThresholdTimeout": "PT1M30S",
  "HandleFirstActivationAsUpdate": false,
  "Id": "f1bb89b0-0245-430d-873d-aac3a7601ea8",
  "IdentitySendInterval": "P1D",
  "IdentityTimestamp": "\/Date(1608045753634)\/",
  "KnownKeys": [ ],
  "LastLullTime": "\/Date(1608089453096)\/",
  "LastWakeTime": "\/Date(1608089084129)\/",
  "LocationTracking": true,
  "MaxCacheSize": 5242880,
  "OfflineMode": false,
  "ReportUrl": "https:\/\/report.appmetrica.yandex.net",
  "SessionTimeout": "PT10S",
  "StartupExpirationTimeSpan": "P1D",
  "StartupTimestamp": "\/Date(1608045774671)\/"
}