{
  "ActiveSession": {
    "events": [
      {
        "account": null,
        "bytes_truncated": 0,
        "encryption_mode": null,
        "environment": null,
        "location": null,
        "name": null,
        "network_info": {
          "cell": null,
          "cellular_network_type": null,
          "connection_type": 1,
          "wifi_access_point": null,
          "wifi_networks": null
        },
        "number": 1,
        "time": 369,
        "type": 7,
        "value": null
      },
      {
        "account": null,
        "bytes_truncated": 0,
        "encryption_mode": null,
        "environment": null,
        "location": null,
        "name": null,
        "network_info": {
          "cell": null,
          "cellular_network_type": null,
          "connection_type": 1,
          "wifi_access_point": null,
          "wifi_networks": null
        },
        "number": 2,
        "time": 369,
        "type": 7,
        "value": null
      }
    ],
    "id": 1608089083,
    "session_desc": {
      "locale": "ru-RU",
      "location": null,
      "network_info": null,
      "session_type": 0,
      "start_time": {
        "server_time_offset": null,
        "time_zone": 25200,
        "timestamp": 1608089083
      }
    },
    "EventCounter": 3,
    "LastEventTimestamp": 1608089452,
    "LastEventType": 7,
    "LastUpdateTimestamp": 1608089449,
    "ReportParameters": null
  },
  "CompletedSessions": [ ],
  "ForceSend": false,
  "ReportPackages": [ ],
  "ReportedEventsCount": 2,
  "LastFlushTime": "\/Date(1608089105587)\/"
}